{"eval/loss": 2.259578227996826, "eval/accuracy": 0.5069060773480663, "eval/runtime": 8.7282, "eval/samples_per_second": 82.949, "eval/steps_per_second": 2.635, "train/epoch": 9.0, "train/global_step": 1665, "_timestamp": 1747933016.6761444, "_runtime": 900.3900012969971, "_step": 12, "train/loss": 0.1204, "train/learning_rate": 4.594594594594595e-05, "train/train_runtime": 901.3766, "train/train_samples_per_second": 655.886, "train/train_steps_per_second": 20.524, "train/total_flos": 4.172403124946682e+18, "train/train_loss": 0.8457116106966952, "_wandb": {"runtime": 900}}