{"eval/loss": 6.999964714050293, "eval/accuracy": 0.24447513812154695, "eval/runtime": 8.9368, "eval/samples_per_second": 81.013, "eval/steps_per_second": 2.574, "train/epoch": 10.0, "train/global_step": 1790, "_timestamp": 1748002920.862289, "_runtime": 985.540207862854, "_step": 13, "train/loss": 0.1088, "train/learning_rate": 4.581005586592179e-05, "train/train_runtime": 986.5171, "train/train_samples_per_second": 580.426, "train/train_steps_per_second": 18.145, "train/total_flos": 4.4894590454801203e+18, "train/train_loss": 0.7471984287879987, "_wandb": {"runtime": 985}}